key,key:booking,key:passenger

passengerBooking-00,booking-00,passenger-00
passengerBooking-01,booking-00,passenger-01
passengerBooking-02,booking-01,passenger-02
passengerBooking-03,booking-02,passenger-03
passengerBooking-04,booking-02,passenger-04
passengerBooking-05,booking-03,passenger-05
passengerBooking-06,booking-03,passenger-06
passengerBooking-07,booking-04,passenger-07
passengerBooking-08,booking-05,passenger-08
passengerBooking-09,booking-06,passenger-09
passengerBooking-10,booking-07,passenger-10
passengerBooking-11,booking-08,passenger-11
passengerBooking-12,booking-09,passenger-12
passengerBooking-13,booking-09,passenger-13
passengerBooking-14,booking-10,passenger-14
passengerBooking-15,booking-11,passenger-15
passengerBooking-16,booking-12,passenger-16
passengerBooking-17,booking-13,passenger-17
passengerBooking-18,booking-14,passenger-18
passengerBooking-19,booking-14,passenger-19
passengerBooking-20,booking-15,passenger-20
passengerBooking-21,booking-16,passenger-21
passengerBooking-22,booking-16,passenger-22
passengerBooking-23,booking-17,passenger-03
passengerBooking-24,booking-17,passenger-04
passengerBooking-25,booking-18,passenger-04
passengerBooking-26,booking-19,passenger-00
passengerBooking-27,booking-20,passenger-16
passengerBooking-28,booking-21,passenger-14
passengerBooking-29,booking-22,passenger-14




